epoch,steps,cosine_pearson,cosine_spearman,euclidean_pearson,euclidean_spearman,manhattan_pearson,manhattan_spearman,dot_pearson,dot_spearman
-1,-1,0.5800337588251776,0.5960433155664966,0.6049126622683143,0.6093704021720691,0.6070783167053971,0.6115977633187812,0.5543649103320808,0.5634658501501807
-1,-1,0.8361305226291345,0.8412344292546856,0.8088783137875608,0.8064447424936412,0.8066419739788546,0.8035885318469516,0.6398906761174848,0.6348715130302582
-1,-1,0.5595834522578328,0.5750486678350026,0.5791009406631078,0.5845199889316587,0.580049742610034,0.585218713746665,0.5183495201085344,0.5273953172514284
-1,-1,0.8361305226291345,0.8412344292546856,0.8088783137875608,0.8064447424936412,0.8066419739788546,0.8035885318469516,0.6398906761174848,0.6348715130302582
-1,-1,0.5595834522578328,0.5750486678350026,0.5791009406631078,0.5845199889316587,0.580049742610034,0.585218713746665,0.5183495201085344,0.5273953172514284
-1,-1,0.8361305226291345,0.8412344292546856,0.8088783137875608,0.8064447424936412,0.8066419739788546,0.8035885318469516,0.6398906761174848,0.6348715130302582
-1,-1,0.5595834522578328,0.5750486678350026,0.5791009406631078,0.5845199889316587,0.580049742610034,0.585218713746665,0.5183495201085344,0.5273953172514284
